{
	"format_version": "1.8.0",
	"animations": {
		"animation.bag.spawn": {
			"animation_length": 1.8,
			"bones": {
				"bag": {
					"rotation": {
						"0.0": [
							-25,
							0,
							0
						],
						"0.96": [
							-25,
							0,
							0
						],
						"1.16": [
							-25,
							0,
							0
						],
						"1.4": [
							7.5,
							0,
							0
						],
						"1.56": [
							5,
							0,
							0
						],
						"1.68": [
							0,
							0,
							0
						]
					},
					"position": {
						"0.0": [
							0,
							32,
							0
						],
						"0.96": [
							0,
							65,
							0
						],
						"1.12": [
							0,
							3,
							0
						],
						"1.16": [
							0,
							3.5,
							0
						],
						"1.4": [
							0,
							8,
							0
						],
						"1.52": [
							0,
							-1,
							0
						],
						"1.56": [
							0,
							0,
							0
						]
					},
					"scale": {
						"0.0": [
							0,
							0,
							0
						],
						"0.92": [
							0,
							0,
							0
						],
						"0.96": [
							1.2,
							1.2,
							1.2
						],
						"1.16": [
							1.2,
							1.2,
							1.2
						],
						"1.32": [
							1,
							1,
							1
						]
					}
				},
				"bone": {
					"rotation": {
						"0.0": [
							25,
							0,
							0
						],
						"0.96": [
							25,
							0,
							0
						],
						"1.16": [
							25,
							0,
							0
						],
						"1.4": [
							-17.5,
							0,
							0
						],
						"1.68": [
							0,
							0,
							0
						]
					},
					"position": {
						"0.0": [
							0,
							0,
							0
						],
						"0.96": [
							0,
							0,
							0
						],
						"1.16": [
							0,
							0,
							0
						],
						"1.68": [
							0,
							0,
							0
						]
					}
				},
				"bone2": {
					"rotation": {
						"0.0": [
							0,
							0,
							50
						],
						"0.96": [
							0,
							0,
							50
						],
						"1.16": [
							0,
							0,
							50
						],
						"1.4": [
							24.25853,
							-7.23114,
							69.79059
						],
						"1.68": [
							0,
							0,
							0
						]
					}
				},
				"bone3": {
					"rotation": {
						"0.0": [
							27.5,
							0,
							0
						],
						"0.96": [
							27.5,
							0,
							0
						],
						"1.16": [
							27.5,
							0,
							0
						],
						"1.4": [
							-7.5,
							0,
							0
						],
						"1.68": [
							0,
							0,
							0
						]
					}
				},
				"bone4": {
					"rotation": {
						"0.0": [
							0,
							0,
							0
						],
						"0.96": [
							0,
							0,
							0
						]
					},
					"position": {
						"0.0": [
							0,
							0,
							0
						],
						"0.96": [
							0,
							0,
							0
						]
					}
				},
				"bone5": {
					"rotation": {
						"0.0": [
							0,
							0,
							0
						],
						"0.96": [
							0,
							0,
							0
						]
					},
					"position": {
						"0.0": [
							0,
							0,
							0
						],
						"0.96": [
							0,
							0,
							0
						],
						"1.16": [
							0,
							-1,
							0
						],
						"1.32": [
							0,
							0,
							0
						],
						"1.52": [
							0,
							0,
							0
						],
						"1.56": [
							0,
							-1,
							0
						],
						"1.68": [
							0,
							0,
							0
						]
					},
					"scale": {
						"0.0": [
							1,
							1,
							1
						],
						"0.96": [
							1,
							1,
							1
						],
						"1.12": [
							1,
							1,
							1
						],
						"1.16": [
							1.2,
							1.2,
							1.2
						],
						"1.32": [
							1,
							1,
							1
						],
						"1.48": [
							1,
							1,
							1
						],
						"1.52": [
							1.1,
							1.1,
							1.1
						],
						"1.68": [
							1,
							1,
							1
						]
					}
				},
				"bone6": {
					"rotation": {
						"0.0": [
							0,
							0,
							0
						],
						"0.96": [
							0,
							0,
							0
						]
					},
					"position": {
						"0.0": [
							0,
							0,
							0
						],
						"0.96": [
							0,
							0,
							0
						]
					}
				}
			}
		}
	}
}