{
	"format_version": "1.8.0",
	"animations": {
		"animation.mercenary.static": {
			"loop": true,
			"bones": {
				"rightArm": {
					"rotation": [
						0,
						0,
						"(math.cos(query.life_time*103.2)*2.865)+2.865"
					]
				},
				"leftArm": {
					"rotation": [
						0,
						0,
						"((math.cos(query.life_time*103.2)*2.865)+2.865)*-1"
					]
				}
			}
		},
		"animation.mercenary.guard": {
			"loop": true,
			"bones": {
				"rightArm": {
					"rotation": [
						-30.93328,
						22.13351,
						3.94912
					],
					"position": [
						-0.5,
						0.5,
						0
					]
				},
				"warhammer": {
					"rotation": [
						3.37641,
						74.95574,
						1.67606
					],
					"position": [
						0,
						0.4,
						1
					]
				},
				"leftArm": {
					"rotation": [
						-26.93209,
						8.60094,
						15.77073
					],
					"position": [
						0,
						0,
						0
					]
				}
			}
		},
		"animation.mercenary.attack": {
			"animation_length": 0.45833,
			"bones": {
				"root": {
					"rotation": {
						"0.375": [
							0,
							15,
							0
						],
						"0.4583": [
							0,
							0,
							0
						]
					}
				},
				"body": {
					"rotation": {
						"0.0": [
							-7.5,
							20,
							0
						],
						"0.0833": [
							6.00433,
							-22.42976,
							2.17875
						],
						"0.2083": [
							13.90297,
							-29.88601,
							1.27643
						],
						"0.375": [
							6.40297,
							-29.88601,
							1.27643
						],
						"0.4583": [
							0,
							0,
							0
						]
					},
					"position": {
						"0.375": [
							0,
							0,
							1
						],
						"0.4583": [
							0,
							0,
							0
						]
					}
				},
				"rightArm": {
					"rotation": {
						"0.0": [
							-52.9955,
							33.82584,
							22.76048
						],
						"0.2083": [
							-63.26848,
							-37.76124,
							-26.56505
						],
						"0.375": [
							-63.26848,
							-37.76124,
							-26.56505
						],
						"0.4583": [
							-30.93328,
							22.13351,
							3.94912
						]
					},
					"position": [
						-0.5,
						0.5,
						0
					]
				},
				"warhammer": {
					"rotation": {
						"0.0": [
							68.71556,
							62.8558,
							53.12728
						],
						"0.2083": [
							16.37094,
							74.03055,
							16.75632
						],
						"0.375": [
							16.37094,
							74.03055,
							16.75632
						],
						"0.4583": [
							3.37641,
							74.95574,
							1.67606
						]
					},
					"position": {
						"0.0": [
							0,
							0,
							1
						],
						"0.2083": [
							0,
							-3,
							1
						],
						"0.375": [
							0,
							-3,
							1
						],
						"0.4583": [
							0,
							0.4,
							1
						]
					}
				},
				"leftArm": {
					"rotation": {
						"0.0": [
							-43.23237,
							31.79163,
							15.78341
						],
						"0.2083": [
							-27.86323,
							-45.53429,
							-66.95295
						],
						"0.375": [
							-27.86323,
							-45.53429,
							-66.95295
						],
						"0.4583": [
							-26.93209,
							8.60094,
							15.77073
						]
					},
					"position": [
						0,
						0,
						0
					]
				},
				"rightLeg": {
					"rotation": {
						"0.2083": [
							0,
							-15,
							0
						],
						"0.375": [
							0,
							-15,
							0
						],
						"0.4583": [
							0,
							0,
							0
						]
					},
					"position": {
						"0.2083": [
							-1,
							0,
							1
						],
						"0.375": [
							-1,
							0,
							1
						],
						"0.4583": [
							0,
							0,
							0
						]
					}
				},
				"leftLeg": {
					"rotation": {
						"0.0833": [
							0,
							-27.5,
							0
						],
						"0.4583": [
							0,
							0,
							0
						]
					},
					"position": {
						"0.0833": [
							0,
							0,
							2
						],
						"0.2083": [
							-1,
							0,
							3
						],
						"0.375": [
							-1,
							0,
							3
						],
						"0.4583": [
							0,
							0,
							0
						]
					}
				},
				"head": {
					"rotation": {
						"0.0": [
							-12.5,
							0,
							0
						],
						"0.375": [
							5,
							0,
							0
						],
						"0.4583": [
							0,
							0,
							0
						]
					},
					"position": [
						0,
						0,
						0
					]
				}
			}
		},
		"animation.mercenary.sit": {
			"loop": true,
			"bones": {
				"Right_leg": {
					"rotation": [
						-90,
						27,
						0
					]
				},
				"root": {
					"position": [
						0,
						-10,
						0
					]
				},
				"body_armor_internal_details2": {
					"rotation": [
						-67.5,
						0,
						0
					]
				},
				"warhammer2": {
					"rotation": [
						0,
						-55,
						-95
					],
					"position": [
						-1,
						1,
						5
					]
				},
				"rightLeg": {
					"rotation": [
						-90,
						27,
						0
					]
				},
				"leftLeg": {
					"rotation": [
						-90,
						-27,
						0
					]
				},
				"sword_blade2": {
					"rotation": [
						-5,
						0,
						0
					],
					"position": [
						0,
						0,
						1
					]
				}
			}
		},
		"animation.mercenary.sit_two": {
			"loop": true,
			"bones": {
				"Right_leg": {
					"rotation": [
						-90,
						27,
						0
					]
				},
				"root": {
					"position": [
						0,
						-10,
						0
					]
				},
				"body_armor_internal_details2": {
					"rotation": [
						-45,
						0,
						0
					]
				},
				"warhammer2": {
					"rotation": [
						19.79668,
						-55.02967,
						-119.79238
					],
					"position": [
						-6,
						4,
						2
					]
				},
				"rightLeg": {
					"rotation": [
						-90,
						27,
						0
					]
				},
				"leftLeg": {
					"rotation": [
						-90,
						-27,
						0
					]
				},
				"sword_blade2": {
					"rotation": [
						-5,
						0,
						0
					],
					"position": [
						0,
						0,
						1
					]
				},
				"body": {
					"rotation": [
						-17.5,
						0,
						0
					]
				},
				"rightArm": {
					"rotation": [
						17.25002,
						-2.99318,
						9.54589
					],
					"position": [
						0,
						-1,
						2
					]
				},
				"leftArm": {
					"rotation": [
						17.25002,
						2.99318,
						-9.54589
					],
					"position": [
						0,
						-1,
						2
					]
				},
				"head": {
					"rotation": [
						17.5,
						0,
						0
					],
					"position": [
						0,
						"-0.5-math.sin(query.anim_time*50)*0.5",
						0
					]
				},
				"body_armor_tors": {
					"rotation": [
						0,
						0,
						0
					]
				}
			}
		},
		"animation.mercenary.shield": {
			"loop": true,
			"bones": {
				"leftArm": {
					"rotation": [
						-90.216,
						67.80891,
						-2.4388
					],
					"position": [
						2,
						-2,
						0
					]
				}
			}
		},
		"animation.mercenary.bow": {
			"loop": true,
			"bones": {
				"rightArm": {
					"rotation": [
						"query.target_x_rotation-90+math.sin(query.life_time*76.8)*2.865-this",
						"query.target_y_rotation-5.73",
						"(math.cos(query.life_time*103.2)*2.865)+2.865"
					]
				},
				"leftArm": {
					"rotation": [
						"query.target_x_rotation-90-math.sin(query.life_time*76.8)*2.865-this",
						"query.target_y_rotation+28.65",
						"-(math.cos(query.life_time*103.2)*2.865)-2.865"
					]
				}
			}
		},
		"animation.mercenary.ride": {
			"loop": true,
			"bones": {
				"front_flag": {
					"rotation": [
						-70,
						0,
						0
					],
					"position": [
						0,
						2.2,
						0
					]
				},
				"root": {
					"position": [
						0,
						-7,
						0
					]
				},
				"rightArm": {
					"rotation": [
						-45,
						0,
						0
					]
				},
				"leftArm": {
					"rotation": [
						-45,
						0,
						0
					]
				},
				"rightLeg": {
					"rotation": [
						-72,
						18,
						0
					]
				},
				"leftLeg": {
					"rotation": [
						-72,
						-18,
						0
					]
				}
			}
		},
		"animation.mercenary.move": {
			"loop": true,
			"bones": {
				"rightLeg": {
					"rotation": [
						"variable.tcos0*1.4",
						0,
						0
					]
				},
				"leftLeg": {
					"rotation": [
						"variable.tcos0*-1.4",
						0,
						0
					]
				}
			}
		},