{
	"format_version": "1.8.0",
	"animations": {
		"animation.oath_armor_chestplate.static": {
			"loop": true,
			"bones": {
				"WingL2": {
					"rotation": [
						60,
						0,
						60
					]
				},
				"WingL3": {
					"rotation": [
						0,
						0,
						-90
					]
				},
				"WingL4": {
					"rotation": [
						0,
						0,
						-90
					]
				},
				"WingR2": {
					"rotation": [
						60,
						0,
						-60
					]
				},
				"WingR3": {
					"rotation": [
						0,
						0,
						90
					]
				},
				"WingR4": {
					"rotation": [
						0,
						0,
						90
					]
				}
			}
		},
		"animation.oath_armor_chestplate.fly": {
			"animation_length": 10000,
			"bones": {
				"WingL2": {
					"rotation": {
						"0.0": [
							60,
							0,
							60
						],
						"0.0833": [
							54.20216,
							-1.89484,
							57.00169
						],
						"0.1667": [
							44.33357,
							-5.12006,
							51.89821
						],
						"0.3333": [
							22.46183,
							-12.26814,
							40.58739
						],
						"0.4167": [
							12.59324,
							-15.49336,
							35.48391
						],
						"0.5": [
							"36.7954-math.cos(q.life_time*300)*30",
							"32.6118-math.cos(q.life_time*300)*50",
							"32.4856-math.sin(q.life_time*300)*30"
						]
					}
				},
				"WingL3": {
					"rotation": {
						"0.0": [
							0,
							0,
							-90
						],
						"0.0833": [
							0,
							-2.45188,
							-82.37193
						],
						"0.1667": [
							0,
							-6.62527,
							-69.38806
						],
						"0.3333": [
							0,
							-15.87473,
							-40.61194
						],
						"0.4167": [
							0,
							-20.04812,
							-27.62807
						],
						"0.5": [
							0,
							"-22.5-math.sin(q.life_time*300)*40",
							-20
						]
					}
				},
				"WingL4": {
					"rotation": {
						"0.0": [
							0,
							0,
							-90
						],
						"0.0833": [
							0,
							0,
							-82.37193
						],
						"0.1667": [
							0,
							0,
							-69.38806
						],
						"0.3333": [
							0,
							0,
							-40.61194
						],
						"0.4167": [
							0,
							0,
							-27.62807
						],
						"0.5": [
							0,
							"-math.sin(q.life_time*300)*50",
							-20
						]
					}
				},
				"WingR2": {
					"rotation": {
						"0.0": [
							60,
							0,
							-60
						],
						"0.0833": [
							54.20216,
							1.89484,
							-57.00169
						],
						"0.1667": [
							44.33357,
							5.12006,
							-51.89821
						],
						"0.3333": [
							22.46183,
							12.26814,
							-40.58739
						],
						"0.4167": [
							12.59324,
							15.49336,
							-35.48391
						],
						"0.5": [
							"36.7954-math.cos(q.life_time*300)*30",
							"-32.6118+math.cos(q.life_time*300)*50",
							"-32.4856+math.sin(q.life_time*300)*30"
						]
					}
				},
				"WingR3": {
					"rotation": {
						"0.0": [
							0,
							0,
							90
						],
						"0.0833": [
							0,
							2.45188,
							82.37193
						],
						"0.1667": [
							0,
							6.62527,
							69.38806
						],
						"0.3333": [
							0,
							15.87473,
							40.61194
						],
						"0.4167": [
							0,
							20.04812,
							27.62807
						],
						"0.5": [
							0,
							"22.5+math.sin(q.life_time*300)*40",
							20
						]
					}
				},
				"WingR4": {
					"rotation": {
						"0.0": [
							0,
							0,
							90
						],
						"0.0833": [
							0,
							0,
							82.37193
						],
						"0.1667": [
							0,
							0,
							69.38806
						],
						"0.3333": [
							0,
							0,
							40.61194
						],
						"0.4167": [
							0,
							0,
							27.62807
						],
						"0.5": [
							0,
							"math.sin(q.life_time*300)*50",
							20
						]
					}
				}
			}
		}
	}
}