{
	"format_version": "1.8.0",
	"animations": {
		"animation.ice_spike.start": {
			"loop": "hold_on_last_frame",
			"animation_length": 0.5,
			"bones": {
				"root": {
					"scale": {
						"0.0": [0.5, 0.5, 0.5],
						"0.2": [1.1, 1.1, 1.1],
						"0.45": [1, 1, 1]
					}
				},
				"body_0": {
					"rotation": {
						"0.0": [32.0022, 24.44821, 5.2872],
						"0.45": [0, 0, 0]
					},
					"position": {
						"0.0": [0, -13, 0],
						"0.15": [0, -2.67, 0],
						"0.35": [0, -2, 0]
					}
				},
				"body_1": {
					"rotation": {
						"0.1": [-25.82087, -19.77628, 3.10834],
						"0.3": [0, 0, 0]
					},
					"position": {
						"0.0": [0, -11, 0],
						"0.15": [0, -1.27, 0],
						"0.4": [0, -2, 0]
					}
				},
				"body_2": {
					"rotation": {
						"0.05": [-42.5, 0, 0],
						"0.5": [0, 0, 0]
					},
					"position": {
						"0.0": [0, -12, 0],
						"0.2": [0, -1.75, 0],
						"0.35": [0, -2, 0]
					}
				},
				"body_3": {
					"rotation": {
						"0.1": [-27.5, 0, 0],
						"0.45": [0, 0, 0]
					},
					"position": {
						"0.0": [0, -19, 0],
						"0.15": [0, -3.25, 0],
						"0.35": [0, -2, 0]
					}
				}
			}
		}
	}
}