{
	"format_version": "1.8.0",
	"animations": {
		"animation.mutation_vines.start": {
			"loop": "hold_on_last_frame",
			"animation_length": 1.65,
			"bones": {
				"vines_0": {
					"rotation": {
						"0.15": [17.76058, -6.95283, 4.9584],
						"0.45": [-14.65993, -3.21132, -12.08681],
						"0.7": [12.76198, 9.1602, -23.12766],
						"1.0": [31.09518, -1.97038, -23.89419],
						"1.5": [61.10984, 2.1715, -6.44963]
					},
					"position": {
						"0.15": [0, -17, 0],
						"0.3": [0, -8, 0],
						"0.55": [0, -1, 0],
						"1.25": [0, -1, -3]
					}
				},
				"vines_1": {
					"rotation": {
						"0.6": [0, 0, 0],
						"0.8": [17.61155, 6.1751, 22.23751],
						"1.2": [35.51402, -7.43786, 27.09331],
						"1.6": [139.3489, 2.85363, -70.25159]
					},
					"position": {
						"0.15": [0, -16, 0],
						"0.4": [0, -16, 0],
						"0.7": [0, -5, 0],
						"0.9": [0, 1, 0]
					}
				},
				"vines_2": {
					"rotation": {
						"0.85": [0, 0, 0],
						"1.3": [-9.58541, -25.01852, 56.37422],
						"1.65": [-131.14509, -18.88855, 201.74473]
					},
					"position": {
						"0.15": [0, -16, 0],
						"0.7": [0, -16, 0],
						"1.2": [0, 1, 0]
					}
				},
				"vines_3": {
					"rotation": {
						"1.2": [0, 0, 0],
						"1.65": [-27.34762, 35.27261, 67.58336]
					},
					"position": {
						"0.15": [0, -16, 0],
						"1.05": [0, -16, 0],
						"1.5": [0, 1, 0]
					}
				},
				"vines_4": {
					"rotation": {
						"0.05": [0, 0, 0],
						"0.55": [20, 0, 0],
						"1.05": [35, 15, 0],
						"1.55": [40.17544, 14.94159, 1.3378]
					},
					"position": {
						"0.0": [0, -18, 0],
						"0.2": [0, 0, 0]
					}
				},
				"vines_5": {
					"rotation": {
						"0.35": [0, 0, 0],
						"0.8": [-47.73148, 15.78127, -9.30361],
						"1.15": [-67.45867, -3.27755, 1.76331],
						"1.5": [-67.81328, -7.1151, -1.11139]
					},
					"position": {
						"0.0": [0, -16, 0],
						"0.25": [0, -16, 0],
						"0.6": [0, 1, 0]
					}
				},
				"vines_6": {
					"rotation": {
						"0.6": [0, 0, 0],
						"0.9": [104.54111, -13.49142, 141.30194],
						"1.35": [95.26266, -13.36659, 145.15059],
						"1.55": [88.62526, -14.77102, 143.05309]
					},
					"position": {
						"0.0": [0, -16, 0],
						"0.4": [0, -16, 0],
						"0.75": [0, 1, 0]
					}
				},
				"vines_7": {
					"rotation": {
						"0.75": [0, 0, 0],
						"1.45": [90.7906, -33.37077, 64.29829]
					},
					"position": {
						"0.0": [0, -16, 0],
						"0.65": [0, -16, 0],
						"0.9": [0, 0, 0]
					}
				},
				"vines_8": {
					"rotation": {
						"0.05": [17.76058, -6.95283, 29.9584],
						"0.55": [42.00032, -10.38771, 38.2761],
						"1.5": [52.83895, -13.83704, 48.49396]
					},
					"position": {
						"0.05": [0, -17, 0],
						"0.35": [0, -3, 0]
					}
				},
				"vines_9": {
					"rotation": {
						"0.2": [0, 0, 0],
						"0.5": [60.23126, -16.90933, 41.37478],
						"1.05": [72.28076, -25.40542, 54.73652],
						"1.35": [119.70915, -29.55363, 111.68442],
						"1.65": [114.41945, -33.43239, 108.3896]
					},
					"position": {
						"0.0": [0, -16, 0],
						"0.2": [0, -16, 0],
						"0.5": [0, 0, 0]
					}
				},
				"vines_10": {
					"rotation": {
						"0.25": [0, 0, 0],
						"0.95": [-13.53339, 15.28604, -42.36067],
						"1.6": [-13.40329, -2.42368, -62.69268]
					},
					"position": {
						"0.0": [0, -16, 0],
						"0.45": [0, -16, 0],
						"0.8": [0, 0, 0]
					}
				},
				"vines_11": {
					"rotation": {
						"0.8": [0, 0, 0],
						"1.25": [-40.78974, -19.84937, -29.6354],
						"1.65": [-54.45072, -85.33065, 48.10793]
					},
					"position": {
						"0.0": [0, -16, 0],
						"0.7": [0, -16, 0],
						"1.35": [0, 1, 0]
					}
				}
			}
		}
	}
}