{
	"format_version": "1.8.0",
	"animations": {
		"animation.thunder_effect.cycle": {
			"loop": true,
			"animation_length": 0.66667,
			"bones": {
				"rot": {
					"rotation": {
						"0.0": [-7.38443, 0.75155, 17.48436],
						"0.0833": {"pre": [-7.38443, 0.75155, 17.48436], "post": [2.56062, 12.48791, 33.05404]},
						"0.1667": {"pre": [2.56062, 12.48791, 33.05404], "post": [-7.5, 5, 0]},
						"0.25": {"pre": [-7.5, 5, 0], "post": [5, 5, 0]},
						"0.3333": {"pre": [5, 5, 0], "post": [-5.16668, -0.40249, -152.50888]},
						"0.4167": {"pre": [-5.16668, -0.40249, -152.50888], "post": [5.86189, 7.34858, -159.90728]},
						"0.5": {"pre": [5.86189, 7.34858, -159.90728], "post": [-7.71803, 2.50948, -175.01428]},
						"0.5833": {"pre": [-7.71803, 2.50948, -175.01428], "post": [2.56062, 12.48791, -156.94596]},
						"0.6667": {"pre": [2.56062, 12.48791, -156.94596], "post": [-7.38443, 0.75155, 17.48436]}
					},
					"scale": {
						"0.0": [1, 1, 1],
						"0.0833": {"pre": [1, 1, 1], "post": [1.3, 1.3, 1.3]},
						"0.1667": {"pre": [1.3, 1.3, 1.3], "post": [0.9, 0.9, 0.9]},
						"0.25": {"pre": [0.9, 0.9, 0.9], "post": [0.9, 0.9, 0.9]},
						"0.3333": {"pre": [0.9, 0.9, 0.9], "post": [1, 1, 1]},
						"0.4167": {"pre": [1, 1, 1], "post": [0.9, 0.9, 0.9]},
						"0.5": {"pre": [0.9, 0.9, 0.9], "post": [0.9, 0.9, 0.9]},
						"0.5833": {"pre": [0.9, 0.9, 0.9], "post": [1.3, 1.3, 1.3]},
						"0.6667": {"pre": [1.3, 1.3, 1.3], "post": [1, 1, 1]}
					}
				},
				"stick_0": {
					"rotation": {
						"0.0": [-12.5, -27.5, 0],
						"0.0833": {"pre": [-12.5, -27.5, 0], "post": [-7.5, -17.5, 0]},
						"0.1667": {"pre": [-7.5, -17.5, 0], "post": [0, -20, 0]},
						"0.25": {"pre": [0, -20, 0], "post": [-12.5148, -39.5688, 6.10929]},
						"0.3333": {"pre": [-12.5148, -39.5688, 6.10929], "post": [-12.5, -27.5, 0]},
						"0.4167": {"pre": [-12.5, -27.5, 0], "post": [-12.5148, -39.5688, 6.10929]},
						"0.5": {"pre": [-12.5148, -39.5688, 6.10929], "post": [0, -20, 0]},
						"0.5833": {"pre": [0, -20, 0], "post": [-7.5, -17.5, 0]},
						"0.6667": {"pre": [-7.5, -17.5, 0], "post": [-12.5, -27.5, 0]}
					},
					"position": {
						"0.0": [-3.5, -5.5, -46.25],
						"0.0833": {"pre": [-3.5, -5.5, -46.25], "post": [0, 0, 0]},
						"0.1667": {"pre": [0, 0, 0], "post": [0, 0, 0]},
						"0.25": {"pre": [0, 0, 0], "post": [0, 0, 0]},
						"0.3333": {"pre": [0, 0, 0], "post": [-3.5, -5.5, -46.25]},
						"0.4167": {"pre": [-3.5, -5.5, -46.25], "post": [0, 0, 0]},
						"0.5": {"pre": [0, 0, 0], "post": [0, 0, 0]},
						"0.5833": {"pre": [0, 0, 0], "post": [0, 0, 0]},
						"0.6667": {"pre": [0, 0, 0], "post": [-3.5, -5.5, -46.25]}
					}
				},
				"stick_1": {
					"rotation": {
						"0.0": [0, 12.5, 0],
						"0.0833": {"pre": [0, 12.5, 0], "post": [10.62758, 19.6835, 3.61644]},
						"0.1667": {"pre": [10.62758, 19.6835, 3.61644], "post": [22.67458, 6.92618, 2.88419]},
						"0.25": {"pre": [22.67458, 6.92618, 2.88419], "post": [10, 15, 0]},
						"0.3333": {"pre": [10, 15, 0], "post": [0, 12.5, 0]},
						"0.4167": {"pre": [0, 12.5, 0], "post": [10, 15, 0]},
						"0.5": {"pre": [10, 15, 0], "post": [22.67458, 6.92618, 2.88419]},
						"0.5833": {"pre": [22.67458, 6.92618, 2.88419], "post": [10.62758, 19.6835, 3.61644]},
						"0.6667": {"pre": [10.62758, 19.6835, 3.61644], "post": [0, 12.5, 0]}
					},
					"position": {
						"0.0": [0, 0, -16],
						"0.0833": {"pre": [0, 0, -16], "post": [4.75, 2.25, -14.5]},
						"0.1667": {"pre": [4.75, 2.25, -14.5], "post": [6, 0, -14]},
						"0.25": {"pre": [6, 0, -14], "post": [0, 0, 0]},
						"0.3333": {"pre": [0, 0, 0], "post": [0, 0, -16]},
						"0.4167": {"pre": [0, 0, -16], "post": [0, 0, 0]},
						"0.5": {"pre": [0, 0, 0], "post": [6, 0, -14]},
						"0.5833": {"pre": [6, 0, -14], "post": [4.75, 2.25, -14.5]},
						"0.6667": {"pre": [4.75, 2.25, -14.5], "post": [0, 0, -16]}
					}
				},
				"stick_2": {
					"rotation": {
						"0.0": [8.87221, -32.18826, -4.75346],
						"0.0833": {"pre": [8.87221, -32.18826, -4.75346], "post": [0, 45, 0]},
						"0.1667": {"pre": [0, 45, 0], "post": [0, -20, 0]},
						"0.25": {"pre": [0, -20, 0], "post": [-25, -27.5, 0]},
						"0.3333": {"pre": [-25, -27.5, 0], "post": [8.87221, -32.18826, -4.75346]},
						"0.4167": {"pre": [8.87221, -32.18826, -4.75346], "post": [-25, -27.5, 0]},
						"0.5": {"pre": [-25, -27.5, 0], "post": [0, -20, 0]},
						"0.5833": {"pre": [0, -20, 0], "post": [0, 45, 0]},
						"0.6667": {"pre": [0, 45, 0], "post": [8.87221, -32.18826, -4.75346]}
					},
					"position": {
						"0.0": [0, 0, -16],
						"0.0833": {"pre": [0, 0, -16], "post": [-0.5, -0.25, -28.75]},
						"0.1667": {"pre": [-0.5, -0.25, -28.75], "post": [4, -6, -28]},
						"0.25": {"pre": [4, -6, -28], "post": [-4, -2.75, -15]},
						"0.3333": {"pre": [-4, -2.75, -15], "post": [0, 0, -16]},
						"0.4167": {"pre": [0, 0, -16], "post": [-4, -2.75, -15]},
						"0.5": {"pre": [-4, -2.75, -15], "post": [4, -6, -28]},
						"0.5833": {"pre": [4, -6, -28], "post": [-0.5, -0.25, -28.75]},
						"0.6667": {"pre": [-0.5, -0.25, -28.75], "post": [0, 0, -16]}
					}
				},
				"stick_3": {
					"rotation": {
						"0.0": [20, 0, 0],
						"0.0833": {"pre": [20, 0, 0], "post": [0, -47.5, 22.5]},
						"0.1667": {"pre": [0, -47.5, 22.5], "post": [0, 57.5, 0]},
						"0.25": {"pre": [0, 57.5, 0], "post": [-12.5, 0, 0]},
						"0.3333": {"pre": [-12.5, 0, 0], "post": [20, 0, 0]},
						"0.4167": {"pre": [20, 0, 0], "post": [-12.5, 0, 0]},
						"0.5": {"pre": [-12.5, 0, 0], "post": [0, 57.5, 0]},
						"0.5833": {"pre": [0, 57.5, 0], "post": [0, -47.5, 22.5]},
						"0.6667": {"pre": [0, -47.5, 22.5], "post": [20, 0, 0]}
					},
					"position": {
						"0.0": [-3.5, 0, -31.5],
						"0.0833": {"pre": [-3.5, 0, -31.5], "post": [5, 2, -14]},
						"0.1667": {"pre": [5, 2, -14], "post": [3, -6, -28.25]},
						"0.25": {"pre": [3, -6, -28.25], "post": [2.5, 3.75, -27]},
						"0.3333": {"pre": [2.5, 3.75, -27], "post": [-3.5, 0, -31.5]},
						"0.4167": {"pre": [-3.5, 0, -31.5], "post": [2.5, 3.75, -27]},
						"0.5": {"pre": [2.5, 3.75, -27], "post": [3, -6, -28.25]},
						"0.5833": {"pre": [3, -6, -28.25], "post": [5, 2, -14]},
						"0.6667": {"pre": [5, 2, -14], "post": [-3.5, 0, -31.5]}
					}
				},
				"stick_4": {
					"rotation": {
						"0.0": [-28.18679, 56.77406, -24.14611],
						"0.0833": {"pre": [-28.18679, 56.77406, -24.14611], "post": [-15, 0, 0]},
						"0.1667": {"pre": [-15, 0, 0], "post": [20, 0, 0]},
						"0.25": {"pre": [20, 0, 0], "post": [11.24314, 27.0478, 5.16524]},
						"0.3333": {"pre": [11.24314, 27.0478, 5.16524], "post": [-28.18679, 56.77406, -24.14611]},
						"0.4167": {"pre": [-28.18679, 56.77406, -24.14611], "post": [11.24314, 27.0478, 5.16524]},
						"0.5": {"pre": [11.24314, 27.0478, 5.16524], "post": [20, 0, 0]},
						"0.5833": {"pre": [20, 0, 0], "post": [-15, 0, 0]},
						"0.6667": {"pre": [-15, 0, 0], "post": [-28.18679, 56.77406, -24.14611]}
					},
					"position": {
						"0.0": [-3.5, 0, -31],
						"0.0833": {"pre": [-3.5, 0, -31], "post": [4.75, 2.25, -15]},
						"0.1667": {"pre": [4.75, 2.25, -15], "post": [9.25, -6, -42.25]},
						"0.25": {"pre": [9.25, -6, -42.25], "post": [2.75, 7, -42]},
						"0.3333": {"pre": [2.75, 7, -42], "post": [-3.5, 0, -31]},
						"0.4167": {"pre": [-3.5, 0, -31], "post": [2.75, 7, -42]},
						"0.5": {"pre": [2.75, 7, -42], "post": [9.25, -6, -42.25]},
						"0.5833": {"pre": [9.25, -6, -42.25], "post": [4.75, 2.25, -15]},
						"0.6667": {"pre": [4.75, 2.25, -15], "post": [-3.5, 0, -31]}
					}
				},
				"stick_5": {
					"rotation": {
						"0.0": [0, 37.5, -37.5],
						"0.0833": {"pre": [0, 37.5, -37.5], "post": [0, -12.5, 0]},
						"0.1667": {"pre": [0, -12.5, 0], "post": [19.18246, -23.7695, -7.98205]},
						"0.25": {"pre": [19.18246, -23.7695, -7.98205], "post": [-7.5, -32.5, 0]},
						"0.3333": {"pre": [-7.5, -32.5, 0], "post": [0, 37.5, -37.5]},